StartDate,EndDate,Status,IPAddress,Progress,Duration (in seconds),Finished,RecordedDate,ResponseId,RecipientLastName,RecipientFirstName,RecipientEmail,ExternalReference,LocationLatitude,LocationLongitude,DistributionChannel,UserLanguage,Q_Metadata_Browser,Q_Metadata_Version,Q_Metadata_Operating System,Q_Metadata_Resolution,Agreement,Sex,Age,AcademicDegree,CrowdworksID,Q_PopulateResponse
開始日,終了日,回答タイプ,IPアドレス,進行状況,時間（秒単位）,終了,記録日,回答ID,受信者の姓,受信者の名,受信者のメールアドレス,外部データ参照,位置の緯度,位置の経度,配信のチャンネル,ユーザーの言語,ここをクリックして質問文を入力 - ブラウザー,ここをクリックして質問文を入力 - バージョン,ここをクリックして質問文を入力 - オペレーティングシステム,ここをクリックして質問文を入力 - 解像度,"本調査の趣旨を理解し、参加にご同意いただける場合は「同意する」にチェックをつけ、

「→」をクリックして先に進んでください。",あなたの性別をお答えください。,あなたの年齢を半角英数字でお答えください。（例：26）,あなたが最後に通った（あるいは現在通っている）学校は次のどれにあたりますか。,"あなたのクラウドワークスIDを半角英数字でお答えください。
※すべての回答が終わると、実験ページに画面が遷移します




CrowdWorksIDの確認方法

CrowdWorksのページ右上のユーザー名をクリック
「自分の公開ページを確認」をクリックし，マイページを表示
マイページのURLの下6桁～8桁の数字が、あなたのCrowdWorksIDです。

   例: https://crowdworks.jp/public/employees/1234567 → 1234567

    ※URLの「employees」の部分が「employer」になっている場合もあります。",Q_PopulateResponse
"{""ImportId"":""startDate"",""timeZone"":""Asia/Seoul""}","{""ImportId"":""endDate"",""timeZone"":""Asia/Seoul""}","{""ImportId"":""status""}","{""ImportId"":""ipAddress""}","{""ImportId"":""progress""}","{""ImportId"":""duration""}","{""ImportId"":""finished""}","{""ImportId"":""recordedDate"",""timeZone"":""Asia/Seoul""}","{""ImportId"":""_recordId""}","{""ImportId"":""recipientLastName""}","{""ImportId"":""recipientFirstName""}","{""ImportId"":""recipientEmail""}","{""ImportId"":""externalDataReference""}","{""ImportId"":""locationLatitude""}","{""ImportId"":""locationLongitude""}","{""ImportId"":""distributionChannel""}","{""ImportId"":""userLanguage""}","{""ImportId"":""QID422_BROWSER""}","{""ImportId"":""QID422_VERSION""}","{""ImportId"":""QID422_OS""}","{""ImportId"":""QID422_RESOLUTION""}","{""ImportId"":""QID10""}","{""ImportId"":""QID131""}","{""ImportId"":""QID132_TEXT""}","{""ImportId"":""QID423""}","{""ImportId"":""QID421_TEXT""}","{""ImportId"":""Q_PopulateResponse""}"
2023-01-02 22:09:34,2023-01-02 22:10:00,IP Address,202.12.244.27,100,26,True,2023-01-02 22:10:00,R_2vZaeyVzAhOq8gZ,,,,,35.6893,139.6899,anonymous,JA,Chrome,108.0.0.0,Macintosh,1440x900,同意する,男性,34,大学院,3053783,3053783
2023-01-02 22:09:19,2023-01-02 22:10:04,IP Address,153.205.218.246,100,44,True,2023-01-02 22:10:04,R_1QaUp6zOaiIBVJy,,,,,43.0763,141.3654,anonymous,JA,Chrome,108.0.0.0,Windows NT 10.0,1920x1080,同意する,男性,39,大学,2349425,2349425
2023-01-02 22:09:40,2023-01-02 22:10:39,IP Address,106.73.174.65,100,59,True,2023-01-02 22:10:39,R_bmcD7p4fNWvAVSV,,,,,35.5142,140.104,anonymous,JA,Chrome,108.0.0.0,Windows NT 10.0,1920x1200,同意する,男性,53,大学,266202,266202
2023-01-02 22:09:56,2023-01-02 22:10:48,IP Address,131.129.122.178,100,51,True,2023-01-02 22:10:48,R_1OCPuQwpM6hvy09,,,,,35.4638,133.0478,anonymous,JA,Chrome,108.0.0.0,Linux x86_64,1366x768,同意する,男性,47,大学,275026,275026
2023-01-02 22:10:38,2023-01-02 22:11:07,IP Address,220.111.185.68,100,28,True,2023-01-02 22:11:07,R_2WSboaLUR35h0Ah,,,,,31.5703,130.5315,anonymous,JA,Chrome,108.0.0.0,Windows NT 10.0,1920x1080,同意する,男性,49,高校,276409,276409
2023-01-02 22:10:40,2023-01-02 22:11:25,IP Address,101.142.155.239,100,44,True,2023-01-02 22:11:25,R_BMvywnpmK8MuwXD,,,,,35.0012,135.8651,anonymous,JA,Chrome,108.0.0.0,Windows NT 10.0,1536x864,同意する,男性,43,短大、専門学校,1912274,1912274
2023-01-02 22:11:08,2023-01-02 22:11:52,IP Address,133.32.179.94,100,43,True,2023-01-02 22:11:52,R_RldzWe0O5wfb7Hz,,,,,34.6947,135.5,anonymous,JA,Chrome,108.0.0.0,Windows NT 10.0,1920x1080,同意する,男性,32,高校,4660661,4660661
2023-01-02 22:11:19,2023-01-02 22:11:56,IP Address,118.109.63.0,100,36,True,2023-01-02 22:11:56,R_1IKKBnCFmX8BPTp,,,,,33.9618,131.2528,anonymous,JA,Chrome,108.0.0.0,Windows NT 10.0,1600x900,同意する,男性,38,大学,122636,122636
2023-01-02 22:11:32,2023-01-02 22:12:02,IP Address,180.145.23.240,100,29,True,2023-01-02 22:12:02,R_5BUgQgwhdnfbSSt,,,,,34.6886,135.1959,anonymous,JA,Chrome,108.0.0.0,Windows NT 10.0,2560x1440,同意する,男性,42,大学,757433,757433
2023-01-02 22:11:53,2023-01-02 22:12:26,IP Address,81.23.223.118,100,32,True,2023-01-02 22:12:26,R_2RTU53J7tKrJeZr,,,,,35.369,136.5358,anonymous,JA,Chrome,108.0.0.0,Windows NT 10.0,1920x1080,同意する,男性,45,大学,2259197,2259197
2023-01-02 22:10:54,2023-01-02 22:12:29,IP Address,133.32.183.121,100,95,True,2023-01-02 22:12:30,R_216qR6cstM0O6O1,,,,,34.6947,135.5,anonymous,JA,Chrome,108.0.0.0,Windows NT 10.0,1280x1024,同意する,男性,48,高校,138525,138525
2023-01-02 22:11:41,2023-01-02 22:12:42,IP Address,115.39.8.159,100,60,True,2023-01-02 22:12:43,R_22WYL19w09FAp5b,,,,,35.4349,136.6806,anonymous,JA,Firefox,108.0,Windows NT 10.0,1920x1080,同意する,女性,38,大学,5063496,5063496
2023-01-02 22:12:17,2023-01-02 22:12:58,IP Address,219.104.98.104,100,40,True,2023-01-02 22:12:58,R_3M3ZvwYC6FV61p2,,,,,33.0379,130.4432,anonymous,JA,Chrome,108.0.0.0,Windows NT 10.0,1366x768,同意する,男性,44,高校,2810580,2810580
2023-01-02 22:11:37,2023-01-02 22:13:08,IP Address,217.178.152.133,100,91,True,2023-01-02 22:13:08,R_5tqIZXGGCyMviwN,,,,,35.6918,139.7002,anonymous,JA,Firefox,108.0,Windows NT 10.0,3072x1728,同意する,男性,44,大学,1265342,1265342
2023-01-02 22:12:11,2023-01-02 22:13:11,IP Address,150.66.85.51,100,59,True,2023-01-02 22:13:11,R_1K3bJJ4nPjm3oKw,,,,,35.6897,139.6895,anonymous,JA,Chrome,108.0.0.0,Linux x86_64,1920x1080,同意する,男性,58,大学,2912766,2912766
2023-01-02 22:12:39,2023-01-02 22:13:13,IP Address,123.225.205.5,100,34,True,2023-01-02 22:13:14,R_AhdZ5aV1FT01Cxj,,,,,35.8292,139.6789,anonymous,JA,Edge,108.0.1462.54,Windows NT 10.0,2560x1440,同意する,男性,39,大学,1791041,1791041
2023-01-02 22:12:09,2023-01-02 22:13:15,IP Address,114.157.152.165,100,66,True,2023-01-02 22:13:15,R_3qex5cn7WNAH3pY,,,,,26.256,127.6905,anonymous,JA,Chrome,108.0.0.0,Windows NT 10.0,1366x768,同意する,男性,42,大学,4551146,4551146
2023-01-02 22:12:18,2023-01-02 22:13:20,IP Address,106.178.144.107,100,62,True,2023-01-02 22:13:21,R_27d3Seo4lZh3xTZ,,,,,35.6893,139.6899,anonymous,JA,Edge,108.0.1462.54,Windows NT 10.0,1366x768,同意する,男性,41,高校,4922243,4922243
2023-01-02 22:12:32,2023-01-02 22:13:28,IP Address,219.175.250.8,100,55,True,2023-01-02 22:13:28,R_3Phr9eoypMrruOE,,,,,35.5168,139.7253,anonymous,JA,Chrome,108.0.0.0,Windows NT 6.1,1366x768,同意する,女性,38,大学,707767,707767
2023-01-02 22:11:36,2023-01-02 22:13:30,IP Address,138.64.166.171,100,113,True,2023-01-02 22:13:30,R_1JR6amNQ7RbupeA,,,,,34.6986,135.5079,anonymous,JA,Edge,108.0.1462.54,Windows NT 10.0,1147x860,同意する,男性,52,大学,2942272,2942272
2023-01-02 22:12:16,2023-01-02 22:13:31,IP Address,106.174.111.170,100,74,True,2023-01-02 22:13:31,R_3PTDjkOd2hQmHDS,,,,,35.6056,140.1237,anonymous,JA,Chrome,108.0.0.0,Windows NT 10.0,1366x768,同意する,男性,44,大学,2613017,2613017
2023-01-02 22:13:04,2023-01-02 22:13:42,IP Address,125.196.132.0,100,38,True,2023-01-02 22:13:43,R_1C22uqGTKIlRsI8,,,,,34.6922,135.1816,anonymous,JA,Chrome,108.0.0.0,Windows NT 10.0,1280x720,同意する,男性,45,大学,297683,297683
2023-01-02 22:12:46,2023-01-02 22:13:51,IP Address,150.147.21.247,100,64,True,2023-01-02 22:13:51,R_2b1Pjqfz5vMuG2j,,,,,36.5968,136.5998,anonymous,JA,Chrome,108.0.0.0,Windows NT 10.0,1366x768,同意する,女性,34,高校,3052369,3052369
2023-01-02 22:13:24,2023-01-02 22:13:53,IP Address,58.188.238.160,100,29,True,2023-01-02 22:13:54,R_Tj5FsJTCuy2E8Cd,,,,,34.6886,135.1959,anonymous,JA,Edge,108.0.1462.54,Windows NT 10.0,1920x1080,同意する,男性,48,大学院,shisyou.lab,shisyou.lab
2023-01-02 22:12:34,2023-01-02 22:14:10,IP Address,113.197.203.237,100,95,True,2023-01-02 22:14:10,R_25XitqIEQcGZxvH,,,,,34.6838,135.5228,anonymous,JA,Chrome,108.0.0.0,Windows NT 10.0,1366x768,同意する,女性,33,大学院,3985308,3985308
2023-01-02 22:12:27,2023-01-02 22:14:15,IP Address,220.109.47.164,100,107,True,2023-01-02 22:14:16,R_2flGvpd7wTzWFWb,,,,,38.2676,140.87,anonymous,JA,Chrome,108.0.0.0,Windows NT 10.0,1280x1024,同意する,男性,46,大学,1610899,1610899
2023-01-02 22:11:59,2023-01-02 22:14:16,IP Address,114.177.67.134,100,136,True,2023-01-02 22:14:16,R_2Ph7AiFIjz064PG,,,,,35.6143,140.1062,anonymous,JA,Edge,108.0.1462.54,Windows NT 10.0,1366x768,同意する,女性,48,短大、専門学校,149507,149507
2023-01-02 22:12:14,2023-01-02 22:14:25,IP Address,124.32.164.73,100,130,True,2023-01-02 22:14:25,R_qFuRw1A1911Dewh,,,,,35.6918,139.7002,anonymous,JA,Chrome,108.0.0.0,Windows NT 10.0,1920x1080,同意する,男性,34,大学,2227987,2227987
2023-01-02 22:13:58,2023-01-02 22:14:45,IP Address,119.230.121.48,100,47,True,2023-01-02 22:14:46,R_1n0eNyS9VvI3696,,,,,34.6986,135.5079,anonymous,JA,Chrome,108.0.0.0,Windows NT 6.3,1366x768,同意する,男性,49,大学院,3954203,3954203
2023-01-02 22:13:58,2023-01-02 22:15:01,IP Address,133.175.182.68,100,63,True,2023-01-02 22:15:02,R_3kb8CxOR2232u7c,,,,,34.6986,135.5079,anonymous,JA,Firefox,108.0,Windows NT 10.0,1366x768,同意する,男性,28,高校,4421182,4421182
2023-01-02 22:14:25,2023-01-02 22:15:24,IP Address,121.95.28.63,100,59,True,2023-01-02 22:15:25,R_1jjhHQIOMPveqTY,,,,,34.6886,135.1959,anonymous,JA,Chrome,108.0.0.0,Windows NT 10.0,1536x864,同意する,女性,41,短大、専門学校,1916814,1916814
2023-01-02 22:14:29,2023-01-02 22:15:27,IP Address,133.106.79.38,100,57,True,2023-01-02 22:15:27,R_2th7QYhGFDKDwpl,,,,,35.6897,139.6895,anonymous,JA,Chrome,108.0.0.0,Windows NT 10.0,1366x768,同意する,女性,38,高校,3922243,3922243
2023-01-02 22:14:33,2023-01-02 22:15:35,IP Address,118.7.167.136,100,61,True,2023-01-02 22:15:35,R_12JxTg8PgXGUTMD,,,,,39.399,141.1831,anonymous,JA,Chrome,108.0.0.0,Windows NT 10.0,1920x1080,同意する,男性,34,短大、専門学校,3693076,3693076
2023-01-02 22:13:31,2023-01-02 22:15:48,IP Address,49.104.4.199,100,136,True,2023-01-02 22:15:48,R_1MMLBY3R9TNPRBd,,,,,35.6897,139.6895,anonymous,JA,Safari,16.2,Macintosh,375x812,同意する,男性,38,高校,2738801,2738801
2023-01-02 22:13:38,2023-01-02 22:16:14,IP Address,133.218.205.49,100,155,True,2023-01-02 22:16:14,R_1FhuTkh2XfioWu5,,,,,34.9306,136.9116,anonymous,JA,Chrome,108.0.0.0,Windows NT 10.0,1536x864,同意する,男性,55,大学,2044605,2044605
2023-01-02 22:13:23,2023-01-02 22:16:33,IP Address,219.173.131.11,100,189,True,2023-01-02 22:16:33,R_3fee9up0gX1GxzI,,,,,40.8407,140.708,anonymous,JA,Chrome,108.0.0.0,Windows NT 10.0,1920x1080,同意する,男性,56,短大、専門学校,1653083,1653083
2023-01-02 22:15:15,2023-01-02 22:16:48,IP Address,31.24.8.88,100,92,True,2023-01-02 22:16:48,R_3kMK4Pr6t4jVzGd,,,,,46.9633,7.4227,anonymous,JA,Chrome,108.0.0.0,Windows NT 10.0,1600x900,同意する,女性,55,短大、専門学校,1257626,1257626
2023-01-02 22:14:42,2023-01-02 22:16:53,IP Address,110.130.177.73,100,131,True,2023-01-02 22:16:54,R_3341RBKi05lemCg,,,,,35.5089,139.4327,anonymous,JA,Chrome,108.0.0.0,Windows NT 10.0,1436x808,同意する,男性,41,短大、専門学校,2159548,2159548
2023-01-02 22:16:07,2023-01-02 22:17:16,IP Address,122.26.104.135,100,69,True,2023-01-02 22:17:17,R_1IdebZCSfIadyMr,,,,,35.4405,139.5549,anonymous,JA,Edge,108.0.1462.54,Windows NT 10.0,1920x1080,同意する,女性,53,短大、専門学校,1887732,1887732
2023-01-02 22:16:23,2023-01-02 22:17:18,IP Address,58.5.198.76,100,55,True,2023-01-02 22:17:18,R_1hWmYmcRnTwA2ag,,,,,35.6887,139.745,anonymous,JA,Chrome,108.0.0.0,Windows NT 10.0,1280x720,同意する,男性,37,大学,4632782,4632782
2023-01-02 22:16:59,2023-01-02 22:17:27,IP Address,60.117.144.159,100,27,True,2023-01-02 22:17:27,R_URYMHklZZGb0rIZ,,,,,35.6143,140.1062,anonymous,JA,Chrome,108.0.0.0,Windows NT 10.0,1920x1080,同意する,男性,39,大学,2207845,2207845
2023-01-02 22:16:41,2023-01-02 22:17:30,IP Address,117.108.14.143,100,49,True,2023-01-02 22:17:30,R_1C7oEr6Z6L4Paq4,,,,,34.6879,135.8144,anonymous,JA,Chrome,108.0.0.0,Windows NT 10.0,1920x1080,同意する,女性,48,大学,3043448,3043448
2023-01-02 22:14:51,2023-01-02 22:17:39,IP Address,64.63.69.133,100,167,True,2023-01-02 22:17:39,R_2V8DVYyefMt4bav,,,,,35.6641,138.5706,anonymous,JA,Chrome,108.0.0.0,Windows NT 10.0,1366x768,同意する,女性,50,大学,1167092,1167092
2023-01-02 22:16:05,2023-01-02 22:17:48,IP Address,106.159.71.199,100,102,True,2023-01-02 22:17:48,R_10uOBRz1aW1wGzk,,,,,38.3141,140.9364,anonymous,JA,Chrome,108.0.0.0,Windows NT 10.0,1368x912,同意する,男性,50,大学,5054908,5054908
2023-01-02 22:17:47,2023-01-02 22:18:05,IP Address,121.81.223.71,100,18,True,2023-01-02 22:18:05,R_UZ5iQ62ZQwfUPx7,,,,,34.6946,135.5021,anonymous,JA,Chrome,108.0.0.0,Windows NT 10.0,1920x1080,同意する,男性,34,大学院,2400065,2400065
2023-01-02 22:17:25,2023-01-02 22:18:38,IP Address,122.217.240.183,100,73,True,2023-01-02 22:18:38,R_7agWdwuy5ZeSABH,,,,,35.7867,139.5859,anonymous,JA,Chrome,108.0.0.0,Windows NT 10.0,1920x1080,同意する,男性,47,大学,2511054,2511054
2023-01-02 22:18:00,2023-01-02 22:18:58,IP Address,126.122.50.116,100,58,True,2023-01-02 22:18:59,R_1GVRCvlM2cgcxki,,,,,34.6922,135.1816,anonymous,JA,Chrome,103.0.0.0,Windows NT 10.0,2560x1440,同意する,男性,47,大学,519932,519932
2023-01-02 22:18:07,2023-01-02 22:19:22,IP Address,180.31.149.70,100,74,True,2023-01-02 22:19:23,R_3lGr1WdTJj0jgf1,,,,,35.6005,139.5867,anonymous,JA,Chrome,108.0.0.0,Macintosh,1920x1080,同意する,女性,35,高校,4008717,4008717
2023-01-02 22:19:36,2023-01-02 22:20:23,IP Address,182.166.108.37,100,47,True,2023-01-02 22:20:23,R_cvAKLdVeDFbhFp7,,,,,34.6922,135.1816,anonymous,JA,Edge,108.0.1462.54,Windows NT 10.0,1368x912,同意する,男性,46,大学,3059717,3059717
2023-01-02 22:15:59,2023-01-02 22:20:24,IP Address,203.88.181.118,100,264,True,2023-01-02 22:20:24,R_3JrC5mG8iLKrcno,,,,,36.7135,137.227,anonymous,JA,Chrome,108.0.0.0,Windows NT 10.0,1920x1080,同意する,男性,30,高校,5138531,5138531
2023-01-02 22:18:45,2023-01-02 22:20:26,IP Address,133.106.136.31,100,101,True,2023-01-02 22:20:27,R_s4Z1j3s5aIjmnSh,,,,,35.6897,139.6895,anonymous,JA,Chrome,108.0.0.0,Windows NT 6.1,1366x768,同意する,男性,43,大学,1896607,1896607
2023-01-02 22:19:45,2023-01-02 22:20:42,IP Address,106.73.4.96,100,57,True,2023-01-02 22:20:42,R_zdmR6V4R6McuCWd,,,,,35.4343,139.6466,anonymous,JA,Edge,108.0.1462.54,Windows NT 10.0,1536x864,同意する,女性,45,高校,2258721,2258721
2023-01-02 22:21:28,2023-01-02 22:21:46,IP Address,106.73.136.33,100,18,True,2023-01-02 22:21:49,R_24d60ohNwzlajkt,,,,,35.6143,140.1062,anonymous,JA,Chrome,108.0.0.0,Windows NT 10.0,1920x1080,同意する,男性,29,大学,711720,711720
2023-01-02 22:22:08,2023-01-02 22:22:44,IP Address,124.110.230.70,100,36,True,2023-01-02 22:22:45,R_Tnh1uEctetZthcd,,,,,34.9702,138.3935,anonymous,JA,Chrome,108.0.0.0,Windows NT 10.0,1366x768,同意する,女性,46,短大、専門学校,2099674,2099674
2023-01-02 22:19:57,2023-01-02 22:22:56,IP Address,106.174.144.40,100,178,True,2023-01-02 22:22:56,R_27UqsKL2RePpvOq,,,,,36.0716,139.5162,anonymous,JA,Edge,108.0.1462.46,Windows NT 10.0,1366x768,同意する,女性,59,高校,2105031,2105031
2023-01-02 22:22:22,2023-01-02 22:23:26,IP Address,14.12.98.193,100,64,True,2023-01-02 22:23:27,R_pLCujQq0T2KWTBv,,,,,32.759,129.8802,anonymous,JA,Chrome,95.0.4638.74,Linux x86_64,960x600,同意する,男性,46,高校,95866,95866
2023-01-02 22:22:11,2023-01-02 22:23:36,IP Address,126.157.210.33,100,84,True,2023-01-02 22:23:36,R_1OYKt8h47mwuzxh,,,,,35.6897,139.6895,anonymous,JA,Chrome,89.0.4389.105,Linux x86_64,1280x800,同意する,女性,31,大学,1589402,1589402
2023-01-02 22:22:44,2023-01-02 22:24:09,IP Address,124.209.254.50,100,84,True,2023-01-02 22:24:09,R_1gAN6MGChxvpGEQ,,,,,35.8566,139.9185,anonymous,JA,Chrome,108.0.0.0,Windows NT 10.0,1366x768,同意する,女性,28,短大、専門学校,2600289,2600289
2023-01-02 22:24:51,2023-01-02 22:25:26,IP Address,115.162.132.241,100,34,True,2023-01-02 22:25:27,R_eCE55KnH7OZbRxT,,,,,33.6184,130.4109,anonymous,JA,Edge,108.0.1462.54,Windows NT 10.0,1280x720,同意する,女性,40,短大、専門学校,2360666,2360666
2023-01-02 22:25:38,2023-01-02 22:26:04,IP Address,1.0.90.199,100,26,True,2023-01-02 22:26:05,R_3j7dPy1lUULAEQi,,,,,35.4425,133.3314,anonymous,JA,Edge,108.0.1462.54,Windows NT 10.0,1280x720,同意する,女性,41,大学,839571,839571
2023-01-02 22:24:06,2023-01-02 22:27:36,IP Address,106.154.144.194,100,209,True,2023-01-02 22:27:36,R_3KTxjaohAgQTI4Z,,,,,35.6918,139.7002,anonymous,JA,Chrome,108.0.0.0,Windows NT 10.0,1280x1024,同意する,女性,48,短大、専門学校,5090304,5090304
2023-01-02 22:27:04,2023-01-02 22:27:58,IP Address,14.12.98.193,100,54,True,2023-01-02 22:27:59,R_22KPI95DijNSlZl,,,,,32.759,129.8802,anonymous,JA,Chrome,108.0.0.0,Linux x86_64,640x360,同意する,男性,46,高校,95866,95866
2023-01-02 22:27:49,2023-01-02 22:28:17,IP Address,125.196.132.0,100,28,True,2023-01-02 22:28:18,R_3HZdoCAi20jXAFQ,,,,,34.6922,135.1816,anonymous,JA,Edge,108.0.1462.54,Windows NT 10.0,1280x720,同意する,女性,47,短大、専門学校,1653418,1653418
2023-01-02 22:29:10,2023-01-02 22:29:49,IP Address,219.110.246.97,100,38,True,2023-01-02 22:29:49,R_2y2fhr2OMq6VXf7,,,,,35.6419,139.7023,anonymous,JA,Chrome,108.0.0.0,Windows NT 10.0,1280x800,同意する,女性,39,短大、専門学校,819433,819433
2023-01-02 22:33:02,2023-01-02 22:34:10,IP Address,133.201.11.0,100,68,True,2023-01-02 22:34:10,R_1dACmtKXTc91pfj,,,,,35.4343,139.6466,anonymous,JA,Chrome,108.0.0.0,Windows NT 10.0,1280x720,同意する,女性,40,大学,3738934,3738934
2023-01-02 22:33:41,2023-01-02 22:34:18,IP Address,126.122.50.116,100,37,True,2023-01-02 22:34:19,R_3MgqRhI1LZppAVL,,,,,34.6922,135.1816,anonymous,JA,Opera,94.0.0.0,Windows NT 10.0,2560x1440,同意する,男性,47,大学,519932,519932
2023-01-02 22:34:01,2023-01-02 22:34:28,IP Address,126.157.210.33,100,27,True,2023-01-02 22:34:28,R_12EfosWr7Qwnx0U,,,,,35.6897,139.6895,anonymous,JA,Chrome,108.0.0.0,Linux x86_64,360x720,同意する,女性,57,大学,3114141,3114141
2023-01-02 22:11:14,2023-01-02 22:37:47,IP Address,133.32.179.94,100,1592,True,2023-01-02 22:37:47,R_1n72mCSswGqnA0F,,,,,34.6947,135.5,anonymous,JA,Chrome,108.0.0.0,Windows NT 10.0,1920x1080,同意する,女性,58,高校,4696655,4696655
2023-01-02 22:39:06,2023-01-02 22:41:03,IP Address,180.45.27.227,100,117,True,2023-01-02 22:41:04,R_voU1yV0P4ny1iet,,,,,34.3927,132.4501,anonymous,JA,Chrome,86.0.4240.198,Windows NT 10.0,2560x1440,同意する,男性,38,大学,42040,42040
2023-01-02 22:48:12,2023-01-02 22:49:50,IP Address,60.98.160.50,100,98,True,2023-01-02 22:49:50,R_1kFl6pdKBvNUnSw,,,,,34.6487,135.0837,anonymous,JA,Chrome,108.0.0.0,Windows NT 6.3,1366x768,同意する,男性,53,大学,4213713,4213713
2023-01-02 22:48:26,2023-01-02 22:50:30,IP Address,133.32.13.239,100,124,True,2023-01-02 22:50:31,R_28BBdsQlh4Elr4u,,,,,34.6947,135.5,anonymous,JA,Edge,108.0.1462.54,Windows NT 10.0,1920x1080,同意する,男性,38,大学院,4103250,4103250
2023-01-02 22:54:24,2023-01-02 22:54:54,IP Address,180.45.27.227,100,29,True,2023-01-02 22:54:54,R_3iKmXt19T11WkAX,,,,,34.3927,132.4501,anonymous,JA,Chrome,108.0.0.0,Windows NT 10.0,2560x1440,同意する,男性,33,大学,35443,35443
2023-01-02 23:07:56,2023-01-02 23:08:30,IP Address,118.109.63.0,100,33,True,2023-01-02 23:08:30,R_1LG6c4ValgMhcyZ,,,,,33.9618,131.2528,anonymous,JA,Chrome,108.0.0.0,Linux x86_64,393x830,同意する,男性,38,大学,122636,122636
2023-01-02 23:09:08,2023-01-02 23:10:08,IP Address,153.189.98.173,100,59,True,2023-01-02 23:10:09,R_QfYQwbNyFHCJNbX,,,,,34.6922,135.1816,anonymous,JA,Chrome,108.0.0.0,Windows NT 10.0,1920x1080,同意する,男性,45,大学,114735,114735
2023-01-02 23:09:49,2023-01-02 23:10:14,IP Address,131.147.232.219,100,25,True,2023-01-02 23:10:14,R_2TF7gA6OapPI8mf,,,,,35.8376,139.8019,anonymous,JA,Chrome,108.0.0.0,Windows NT 10.0,1536x864,同意する,男性,37,大学,1534032,1534032
2023-01-02 23:11:03,2023-01-02 23:11:41,IP Address,138.64.232.199,100,37,True,2023-01-02 23:11:41,R_2QDUbAPs2BlhYVI,,,,,35.179,136.8939,anonymous,JA,Chrome,108.0.0.0,Windows NT 10.0,1440x810,同意する,女性,41,大学,2864442,2864442
2023-01-02 23:11:32,2023-01-02 23:12:05,IP Address,222.144.31.37,100,33,True,2023-01-02 23:12:06,R_3yD6ydvd4goTpfP,,,,,36.6163,140.6686,anonymous,JA,Chrome,104.0.0.0,Windows NT 10.0,1920x1080,同意する,女性,43,高校,769122,769122
2023-01-02 23:11:23,2023-01-02 23:12:05,IP Address,103.152.154.152,100,42,True,2023-01-02 23:12:10,R_2S5Y8653XO6Hg9R,,,,,23.8468,90.2417,anonymous,JA,Firefox,108.0,Windows NT 10.0,1366x768,同意する,女性,55,大学,120691,120691
2023-01-02 23:11:48,2023-01-02 23:12:27,IP Address,119.10.187.59,100,39,True,2023-01-02 23:12:28,R_25MYas2whaxY6bk,,,,,35.1743,136.8931,anonymous,JA,Edge,108.0.1462.54,Windows NT 10.0,1920x1080,同意する,男性,51,大学,201371,201371
2023-01-02 23:11:01,2023-01-02 23:13:04,IP Address,126.29.242.42,100,122,True,2023-01-02 23:13:04,R_zSFKhiEqpfNE4OB,,,,,34.3993,132.4702,anonymous,JA,Chrome,108.0.0.0,Windows NT 6.1,1280x800,同意する,男性,44,大学院,804422,804422
2023-01-02 23:11:15,2023-01-02 23:13:21,IP Address,59.146.193.54,100,126,True,2023-01-02 23:13:21,R_2YtX31xzrHXlD5X,,,,,38.4494,140.9262,anonymous,JA,Edge,108.0.1462.54,Windows NT 10.0,1536x864,同意する,女性,27,高校,4096953,4096953
2023-01-02 23:14:13,2023-01-02 23:15:07,IP Address,180.191.209.121,100,53,True,2023-01-02 23:15:08,R_3M0hKNPUjynwZFz,,,,,15.4805,120.6002,anonymous,JA,Firefox,108.0,Windows NT 6.1,1366x768,同意する,男性,54,高校,4408530,4408530
2023-01-02 23:13:08,2023-01-02 23:16:17,IP Address,180.198.30.100,100,188,True,2023-01-02 23:16:17,R_27DP6bciJDo3XTW,,,,,35.4386,136.7771,anonymous,JA,Chrome,108.0.0.0,Windows NT 10.0,1920x1080,同意する,男性,30,大学,3312891,3312891
2023-01-02 23:15:49,2023-01-02 23:16:39,IP Address,139.162.69.46,100,50,True,2023-01-02 23:16:39,R_3elDP2pPiwU8iH3,,,,,35.6893,139.6899,anonymous,JA,Chrome,100.0.4896.88,Windows NT 10.0,1536x864,同意する,女性,31,大学,4659011,4659011
2023-01-02 23:16:19,2023-01-02 23:16:52,IP Address,180.191.209.121,100,33,True,2023-01-02 23:16:53,R_zShBOpVwIDfrpN7,,,,,15.4805,120.6002,anonymous,JA,Chrome,108.0.0.0,Windows NT 6.1,1366x768,同意する,男性,54,高校,4408530,4408530
2023-01-02 23:17:07,2023-01-02 23:17:34,IP Address,220.146.123.175,100,26,True,2023-01-02 23:17:34,R_3n31EHwmIN3oim1,,,,,35.6887,139.745,anonymous,JA,Chrome,108.0.0.0,Windows NT 10.0,1920x1080,同意する,女性,38,大学,3124577,3124577
2023-01-02 23:17:21,2023-01-02 23:18:46,IP Address,61.86.162.145,100,84,True,2023-01-02 23:18:47,R_1LGz0Bxlvbcu0AX,,,,,34.7427,135.8204,anonymous,JA,Firefox,108.0,Windows NT 10.0,1920x1080,同意する,男性,33,大学,4758400,4758400
2023-01-02 23:20:54,2023-01-02 23:22:08,IP Address,133.32.217.9,100,74,True,2023-01-02 23:22:09,R_12bPrZrKvhRWdNm,,,,,35.6918,139.7002,anonymous,JA,Chrome,108.0.0.0,Windows NT 10.0,1366x768,同意する,女性,43,短大、専門学校,3184242,3184242
2023-01-02 23:23:19,2023-01-02 23:24:59,IP Address,60.40.25.101,100,99,True,2023-01-02 23:24:59,R_21zvYzG8YIPt2Pm,,,,,35.5997,140.137,anonymous,JA,Chrome,108.0.0.0,Windows NT 10.0,1366x768,同意する,男性,30,大学,776557,776557
2023-01-02 23:33:43,2023-01-02 23:35:41,IP Address,126.31.222.132,100,117,True,2023-01-02 23:35:41,R_O8bqEOLnwajULp7,,,,,32.7481,129.8816,anonymous,JA,Chrome,108.0.0.0,Windows NT 10.0,1366x768,同意する,男性,31,大学院,780441,780441
2023-01-03 00:11:12,2023-01-03 00:12:54,IP Address,60.95.193.228,100,101,True,2023-01-03 00:12:54,R_20STAXBu9HwUmCf,,,,,35.179,136.8939,anonymous,JA,Chrome,108.0.0.0,Windows NT 10.0,1360x768,同意する,男性,58,大学,178919,178919
2023-01-03 00:17:46,2023-01-03 00:18:16,IP Address,218.228.183.135,100,30,True,2023-01-03 00:18:16,R_PSS49yWemjn7Nmh,,,,,34.6947,135.5,anonymous,JA,Chrome,108.0.0.0,Macintosh,1440x900,同意する,男性,50,大学,4765315,4765315
2023-01-03 11:33:40,2023-01-03 11:35:17,IP Address,59.134.13.197,100,97,True,2023-01-03 11:35:17,R_3flyptyyHA2gy60,,,,,37.9022,139.0181,anonymous,JA,Chrome,108.0.0.0,Windows NT 10.0,1920x1080,同意する,女性,35,大学,1052834,1052834
